﻿<?xml version="1.0" encoding="utf-8"?>
<Symbols>
  <Symbol FileName="logobeyaz.bmp" Transparent="true" Width="476" Height="482" />
  <Symbol FileName="light close.bmp" Transparent="true" Width="90" Height="93" />
  <Symbol FileName="light open.bmp" Transparent="true" Width="90" Height="93" />
  <Symbol FileName="home (1).bmp" Transparent="true" Width="40" Height="36" />
  <Symbol FileName="d&amp;t.bmp" Transparent="true" Width="70" Height="70" />
  <Symbol FileName="logowname (2).bmp" Transparent="true" Width="317" Height="113" />
  <Symbol FileName="poland-flag-3d-round-icon-256.bmp" Transparent="true" Width="120" Height="120" />
  <Symbol FileName="turkey-flag-3d-round-icon-256.bmp" Transparent="true" Width="120" Height="120" />
  <Symbol FileName="germany-flag-3d-round-icon-256.bmp" Transparent="true" Width="120" Height="120" />
  <Symbol FileName="united-kingdom-flag-3d-round-icon-256.bmp" Transparent="true" Width="120" Height="120" />
  <Symbol FileName="france-flag-3d-round-icon-256.bmp" Transparent="true" Width="120" Height="120" />
  <Symbol FileName="spain-flag-3d-round-icon-256.bmp" Transparent="true" Width="120" Height="120" />
  <Symbol FileName="portugal-flag-button-steel-frame.bmp" Transparent="true" Width="119" Height="120" />
  <Symbol FileName="italy-flag-3d-round-icon-256.bmp" Transparent="true" Width="120" Height="120" />
  <Symbol FileName="portugal-flag-3d-round-icon-256.bmp" Transparent="true" Width="120" Height="120" />
  <Symbol FileName="led_green.bmp" Transparent="true" Width="39" Height="39" />
  <Symbol FileName="led_red.bmp" Transparent="true" Width="39" Height="39" />
  <Symbol FileName="led_yellow.bmp" Transparent="true" Width="39" Height="39" />
</Symbols>